{
    "$schema": "https://schema.management.azure.com/schemas/2015-01-01/deploymentParameters.json#",
    "contentVersion": "1.0.0.0",
    "parameters": {
        "datastores_workspaceartifactstore_nameNodeAddress": {
            "value": null
        },
        "datastores_workspaceblobstore_nameNodeAddress": {
            "value": null
        },
        "datastores_workspacefilestore_nameNodeAddress": {
            "value": null
        },
        "datastores_workspaceworkingdirectory_nameNodeAddress": {
            "value": null
        },
        "workspaces_testDBS_name": {
            "value": null
        },
        "storageAccounts_myadfst_name": {
            "value": null
        },
        "vaults_mymlops1986299585_name": {
            "value": null
        },
        "components_mymlops9641027977_name": {
            "value": null
        },
        "storageAccounts_mymlops8718064171_name": {
            "value": null
        },
        "workspaces_mymlops_name": {
            "value": null
        },
        "actionGroups_Application_Insights_Smart_Detection_name": {
            "value": null
        },
        "smartdetectoralertrules_failure_anomalies___mymlops9641027977_name": {
            "value": null
        },
        "workspaces_DefaultWorkspace_eastus2_externalid": {
            "value": null
        }
    }
}