{
    "$schema": "https://schema.management.azure.com/schemas/2019-04-01/deploymentTemplate.json#",
    "contentVersion": "1.0.0.0",
    "parameters": {
        "datastores_workspaceartifactstore_nameNodeAddress": {
            "type": "SecureString"
        },
        "datastores_workspaceblobstore_nameNodeAddress": {
            "type": "SecureString"
        },
        "datastores_workspacefilestore_nameNodeAddress": {
            "type": "SecureString"
        },
        "datastores_workspaceworkingdirectory_nameNodeAddress": {
            "type": "SecureString"
        },
        "workspaces_testDBS_name": {
            "defaultValue": "testDBS",
            "type": "String"
        },
        "storageAccounts_myadfst_name": {
            "defaultValue": "myadfst",
            "type": "String"
        },
        "vaults_mymlops1986299585_name": {
            "defaultValue": "mymlops1986299585",
            "type": "String"
        },
        "components_mymlops9641027977_name": {
            "defaultValue": "mymlops9641027977",
            "type": "String"
        },
        "storageAccounts_mymlops8718064171_name": {
            "defaultValue": "mymlops8718064171",
            "type": "String"
        },
        "workspaces_mymlops_name": {
            "defaultValue": "mymlops",
            "type": "String"
        },
        "actionGroups_Application_Insights_Smart_Detection_name": {
            "defaultValue": "Application Insights Smart Detection",
            "type": "String"
        },
        "smartdetectoralertrules_failure_anomalies___mymlops9641027977_name": {
            "defaultValue": "failure anomalies - mymlops9641027977",
            "type": "String"
        },
        "workspaces_DefaultWorkspace_eastus2_externalid": {
            "defaultValue": "/subscriptions/dcc94bb7-2e8e-497b-bd9f-d5af71532848/resourceGroups/DefaultResourceGroup-eastus2/providers/Microsoft.OperationalInsights/workspaces/DefaultWorkspace-eastus2",
            "type": "String"
        }
    },
    "variables": {},
    "resources": [
        {
            "type": "Microsoft.Databricks/workspaces",
            "apiVersion": "2023-02-01",
            "name": "[parameters('workspaces_testDBS_name')]",
            "location": "eastus",
            "sku": {
                "name": "premium"
            },
            "properties": {
                "managedResourceGroupId": "[concat('/subscriptions/dcc94bb7-2e8e-497b-bd9f-d5af71532848/resourceGroups/databricks-rg-', parameters('workspaces_testDBS_name'), '-n3btcjgyfq5so')]",
                "parameters": {
                    "enableNoPublicIp": {
                        "type": "Bool",
                        "value": false
                    },
                    "natGatewayName": {
                        "type": "String",
                        "value": "nat-gateway"
                    },
                    "prepareEncryption": {
                        "type": "Bool",
                        "value": false
                    },
                    "publicIpName": {
                        "type": "String",
                        "value": "nat-gw-public-ip"
                    },
                    "requireInfrastructureEncryption": {
                        "type": "Bool",
                        "value": false
                    },
                    "storageAccountName": {
                        "type": "String",
                        "value": "dbstoragelejyuvxnyutek"
                    },
                    "storageAccountSkuName": {
                        "type": "String",
                        "value": "Standard_GRS"
                    },
                    "vnetAddressPrefix": {
                        "type": "String",
                        "value": "10.139"
                    }
                },
                "authorizations": [
                    {
                        "principalId": "9a74af6f-d153-4348-988a-e2672920bee9",
                        "roleDefinitionId": "8e3af657-a8ff-443c-a75c-2fe8c4bcb635"
                    }
                ],
                "createdBy": {},
                "updatedBy": {},
                "createdDateTime": "2023-02-09T19:56:04.8153112Z"
            }
        },
        {
            "type": "microsoft.insights/actionGroups",
            "apiVersion": "2022-06-01",
            "name": "[parameters('actionGroups_Application_Insights_Smart_Detection_name')]",
            "location": "Global",
            "properties": {
                "groupShortName": "SmartDetect",
                "enabled": true,
                "emailReceivers": [],
                "smsReceivers": [],
                "webhookReceivers": [],
                "eventHubReceivers": [],
                "itsmReceivers": [],
                "azureAppPushReceivers": [],
                "automationRunbookReceivers": [],
                "voiceReceivers": [],
                "logicAppReceivers": [],
                "azureFunctionReceivers": [],
                "armRoleReceivers": [
                    {
                        "name": "Monitoring Contributor",
                        "roleId": "749f88d5-cbae-40b8-bcfc-e573ddc772fa",
                        "useCommonAlertSchema": true
                    },
                    {
                        "name": "Monitoring Reader",
                        "roleId": "43d0d8ad-25c7-4714-9337-8ba259a9fe05",
                        "useCommonAlertSchema": true
                    }
                ]
            }
        },
        {
            "type": "microsoft.insights/components",
            "apiVersion": "2020-02-02",
            "name": "[parameters('components_mymlops9641027977_name')]",
            "location": "eastus2",
            "kind": "web",
            "properties": {
                "Application_Type": "web",
                "Flow_Type": "Redfield",
                "Request_Source": "AzureMachineLearningStudio",
                "RetentionInDays": 90,
                "WorkspaceResourceId": "[parameters('workspaces_DefaultWorkspace_eastus2_externalid')]",
                "IngestionMode": "LogAnalytics",
                "publicNetworkAccessForIngestion": "Enabled",
                "publicNetworkAccessForQuery": "Enabled"
            }
        },
        {
            "type": "Microsoft.KeyVault/vaults",
            "apiVersion": "2022-11-01",
            "name": "[parameters('vaults_mymlops1986299585_name')]",
            "location": "eastus2",
            "properties": {
                "sku": {
                    "family": "A",
                    "name": "standard"
                },
                "tenantId": "47f0cbf8-35b1-46f9-a682-569212f58d73",
                "accessPolicies": [
                    {
                        "tenantId": "47f0cbf8-35b1-46f9-a682-569212f58d73",
                        "objectId": "ffdb18f5-4eec-41bc-b432-008c9197f3bd",
                        "permissions": {
                            "keys": [
                                "all"
                            ],
                            "secrets": [
                                "all"
                            ],
                            "certificates": [
                                "all"
                            ],
                            "storage": []
                        }
                    }
                ],
                "enabledForDeployment": false,
                "enableSoftDelete": true,
                "vaultUri": "[concat('https://', parameters('vaults_mymlops1986299585_name'), '.vault.azure.net/')]",
                "provisioningState": "Succeeded",
                "publicNetworkAccess": "Enabled"
            }
        },
        {
            "type": "Microsoft.Storage/storageAccounts",
            "apiVersion": "2022-09-01",
            "name": "[parameters('storageAccounts_myadfst_name')]",
            "location": "eastus",
            "sku": {
                "name": "Standard_RAGRS",
                "tier": "Standard"
            },
            "kind": "StorageV2",
            "properties": {
                "dnsEndpointType": "Standard",
                "defaultToOAuthAuthentication": false,
                "publicNetworkAccess": "Enabled",
                "allowCrossTenantReplication": true,
                "minimumTlsVersion": "TLS1_2",
                "allowBlobPublicAccess": true,
                "allowSharedKeyAccess": true,
                "networkAcls": {
                    "bypass": "AzureServices",
                    "virtualNetworkRules": [],
                    "ipRules": [],
                    "defaultAction": "Allow"
                },
                "supportsHttpsTrafficOnly": true,
                "encryption": {
                    "requireInfrastructureEncryption": false,
                    "services": {
                        "file": {
                            "keyType": "Account",
                            "enabled": true
                        },
                        "blob": {
                            "keyType": "Account",
                            "enabled": true
                        }
                    },
                    "keySource": "Microsoft.Storage"
                },
                "accessTier": "Hot"
            }
        },
        {
            "type": "Microsoft.Storage/storageAccounts",
            "apiVersion": "2022-09-01",
            "name": "[parameters('storageAccounts_mymlops8718064171_name')]",
            "location": "eastus2",
            "sku": {
                "name": "Standard_LRS",
                "tier": "Standard"
            },
            "kind": "StorageV2",
            "properties": {
                "minimumTlsVersion": "TLS1_0",
                "allowBlobPublicAccess": true,
                "isHnsEnabled": false,
                "networkAcls": {
                    "bypass": "AzureServices",
                    "virtualNetworkRules": [],
                    "ipRules": [],
                    "defaultAction": "Allow"
                },
                "supportsHttpsTrafficOnly": true,
                "encryption": {
                    "services": {
                        "file": {
                            "keyType": "Account",
                            "enabled": true
                        },
                        "blob": {
                            "keyType": "Account",
                            "enabled": true
                        }
                    },
                    "keySource": "Microsoft.Storage"
                },
                "accessTier": "Hot"
            }
        },
        {
            "type": "microsoft.insights/components/ProactiveDetectionConfigs",
            "apiVersion": "2018-05-01-preview",
            "name": "[concat(parameters('components_mymlops9641027977_name'), '/degradationindependencyduration')]",
            "location": "eastus2",
            "dependsOn": [
                "[resourceId('microsoft.insights/components', parameters('components_mymlops9641027977_name'))]"
            ],
            "properties": {
                "ruleDefinitions": {
                    "Name": "degradationindependencyduration",
                    "DisplayName": "Degradation in dependency duration",
                    "Description": "Smart Detection rules notify you of performance anomaly issues.",
                    "HelpUrl": "https://docs.microsoft.com/en-us/azure/application-insights/app-insights-proactive-performance-diagnostics",
                    "IsHidden": false,
                    "IsEnabledByDefault": true,
                    "IsInPreview": false,
                    "SupportsEmailNotifications": true
                },
                "enabled": true,
                "sendEmailsToSubscriptionOwners": true,
                "customEmails": []
            }
        },
        {
            "type": "microsoft.insights/components/ProactiveDetectionConfigs",
            "apiVersion": "2018-05-01-preview",
            "name": "[concat(parameters('components_mymlops9641027977_name'), '/degradationinserverresponsetime')]",
            "location": "eastus2",
            "dependsOn": [
                "[resourceId('microsoft.insights/components', parameters('components_mymlops9641027977_name'))]"
            ],
            "properties": {
                "ruleDefinitions": {
                    "Name": "degradationinserverresponsetime",
                    "DisplayName": "Degradation in server response time",
                    "Description": "Smart Detection rules notify you of performance anomaly issues.",
                    "HelpUrl": "https://docs.microsoft.com/en-us/azure/application-insights/app-insights-proactive-performance-diagnostics",
                    "IsHidden": false,
                    "IsEnabledByDefault": true,
                    "IsInPreview": false,
                    "SupportsEmailNotifications": true
                },
                "enabled": true,
                "sendEmailsToSubscriptionOwners": true,
                "customEmails": []
            }
        },
        {
            "type": "microsoft.insights/components/ProactiveDetectionConfigs",
            "apiVersion": "2018-05-01-preview",
            "name": "[concat(parameters('components_mymlops9641027977_name'), '/digestMailConfiguration')]",
            "location": "eastus2",
            "dependsOn": [
                "[resourceId('microsoft.insights/components', parameters('components_mymlops9641027977_name'))]"
            ],
            "properties": {
                "ruleDefinitions": {
                    "Name": "digestMailConfiguration",
                    "DisplayName": "Digest Mail Configuration",
                    "Description": "This rule describes the digest mail preferences",
                    "HelpUrl": "www.homail.com",
                    "IsHidden": true,
                    "IsEnabledByDefault": true,
                    "IsInPreview": false,
                    "SupportsEmailNotifications": true
                },
                "enabled": true,
                "sendEmailsToSubscriptionOwners": true,
                "customEmails": []
            }
        },
        {
            "type": "microsoft.insights/components/ProactiveDetectionConfigs",
            "apiVersion": "2018-05-01-preview",
            "name": "[concat(parameters('components_mymlops9641027977_name'), '/extension_billingdatavolumedailyspikeextension')]",
            "location": "eastus2",
            "dependsOn": [
                "[resourceId('microsoft.insights/components', parameters('components_mymlops9641027977_name'))]"
            ],
            "properties": {
                "ruleDefinitions": {
                    "Name": "extension_billingdatavolumedailyspikeextension",
                    "DisplayName": "Abnormal rise in daily data volume (preview)",
                    "Description": "This detection rule automatically analyzes the billing data generated by your application, and can warn you about an unusual increase in your application's billing costs",
                    "HelpUrl": "https://github.com/Microsoft/ApplicationInsights-Home/tree/master/SmartDetection/billing-data-volume-daily-spike.md",
                    "IsHidden": false,
                    "IsEnabledByDefault": true,
                    "IsInPreview": true,
                    "SupportsEmailNotifications": false
                },
                "enabled": true,
                "sendEmailsToSubscriptionOwners": true,
                "customEmails": []
            }
        },
        {
            "type": "microsoft.insights/components/ProactiveDetectionConfigs",
            "apiVersion": "2018-05-01-preview",
            "name": "[concat(parameters('components_mymlops9641027977_name'), '/extension_canaryextension')]",
            "location": "eastus2",
            "dependsOn": [
                "[resourceId('microsoft.insights/components', parameters('components_mymlops9641027977_name'))]"
            ],
            "properties": {
                "ruleDefinitions": {
                    "Name": "extension_canaryextension",
                    "DisplayName": "Canary extension",
                    "Description": "Canary extension",
                    "HelpUrl": "https://github.com/Microsoft/ApplicationInsights-Home/blob/master/SmartDetection/",
                    "IsHidden": true,
                    "IsEnabledByDefault": true,
                    "IsInPreview": true,
                    "SupportsEmailNotifications": false
                },
                "enabled": true,
                "sendEmailsToSubscriptionOwners": true,
                "customEmails": []
            }
        },
        {
            "type": "microsoft.insights/components/ProactiveDetectionConfigs",
            "apiVersion": "2018-05-01-preview",
            "name": "[concat(parameters('components_mymlops9641027977_name'), '/extension_exceptionchangeextension')]",
            "location": "eastus2",
            "dependsOn": [
                "[resourceId('microsoft.insights/components', parameters('components_mymlops9641027977_name'))]"
            ],
            "properties": {
                "ruleDefinitions": {
                    "Name": "extension_exceptionchangeextension",
                    "DisplayName": "Abnormal rise in exception volume (preview)",
                    "Description": "This detection rule automatically analyzes the exceptions thrown in your application, and can warn you about unusual patterns in your exception telemetry.",
                    "HelpUrl": "https://github.com/Microsoft/ApplicationInsights-Home/blob/master/SmartDetection/abnormal-rise-in-exception-volume.md",
                    "IsHidden": false,
                    "IsEnabledByDefault": true,
                    "IsInPreview": true,
                    "SupportsEmailNotifications": false
                },
                "enabled": true,
                "sendEmailsToSubscriptionOwners": true,
                "customEmails": []
            }
        },
        {
            "type": "microsoft.insights/components/ProactiveDetectionConfigs",
            "apiVersion": "2018-05-01-preview",
            "name": "[concat(parameters('components_mymlops9641027977_name'), '/extension_memoryleakextension')]",
            "location": "eastus2",
            "dependsOn": [
                "[resourceId('microsoft.insights/components', parameters('components_mymlops9641027977_name'))]"
            ],
            "properties": {
                "ruleDefinitions": {
                    "Name": "extension_memoryleakextension",
                    "DisplayName": "Potential memory leak detected (preview)",
                    "Description": "This detection rule automatically analyzes the memory consumption of each process in your application, and can warn you about potential memory leaks or increased memory consumption.",
                    "HelpUrl": "https://github.com/Microsoft/ApplicationInsights-Home/tree/master/SmartDetection/memory-leak.md",
                    "IsHidden": false,
                    "IsEnabledByDefault": true,
                    "IsInPreview": true,
                    "SupportsEmailNotifications": false
                },
                "enabled": true,
                "sendEmailsToSubscriptionOwners": true,
                "customEmails": []
            }
        },
        {
            "type": "microsoft.insights/components/ProactiveDetectionConfigs",
            "apiVersion": "2018-05-01-preview",
            "name": "[concat(parameters('components_mymlops9641027977_name'), '/extension_securityextensionspackage')]",
            "location": "eastus2",
            "dependsOn": [
                "[resourceId('microsoft.insights/components', parameters('components_mymlops9641027977_name'))]"
            ],
            "properties": {
                "ruleDefinitions": {
                    "Name": "extension_securityextensionspackage",
                    "DisplayName": "Potential security issue detected (preview)",
                    "Description": "This detection rule automatically analyzes the telemetry generated by your application and detects potential security issues.",
                    "HelpUrl": "https://github.com/Microsoft/ApplicationInsights-Home/blob/master/SmartDetection/application-security-detection-pack.md",
                    "IsHidden": false,
                    "IsEnabledByDefault": true,
                    "IsInPreview": true,
                    "SupportsEmailNotifications": false
                },
                "enabled": true,
                "sendEmailsToSubscriptionOwners": true,
                "customEmails": []
            }
        },
        {
            "type": "microsoft.insights/components/ProactiveDetectionConfigs",
            "apiVersion": "2018-05-01-preview",
            "name": "[concat(parameters('components_mymlops9641027977_name'), '/extension_traceseveritydetector')]",
            "location": "eastus2",
            "dependsOn": [
                "[resourceId('microsoft.insights/components', parameters('components_mymlops9641027977_name'))]"
            ],
            "properties": {
                "ruleDefinitions": {
                    "Name": "extension_traceseveritydetector",
                    "DisplayName": "Degradation in trace severity ratio (preview)",
                    "Description": "This detection rule automatically analyzes the trace logs emitted from your application, and can warn you about unusual patterns in the severity of your trace telemetry.",
                    "HelpUrl": "https://github.com/Microsoft/ApplicationInsights-Home/blob/master/SmartDetection/degradation-in-trace-severity-ratio.md",
                    "IsHidden": false,
                    "IsEnabledByDefault": true,
                    "IsInPreview": true,
                    "SupportsEmailNotifications": false
                },
                "enabled": true,
                "sendEmailsToSubscriptionOwners": true,
                "customEmails": []
            }
        },
        {
            "type": "microsoft.insights/components/ProactiveDetectionConfigs",
            "apiVersion": "2018-05-01-preview",
            "name": "[concat(parameters('components_mymlops9641027977_name'), '/longdependencyduration')]",
            "location": "eastus2",
            "dependsOn": [
                "[resourceId('microsoft.insights/components', parameters('components_mymlops9641027977_name'))]"
            ],
            "properties": {
                "ruleDefinitions": {
                    "Name": "longdependencyduration",
                    "DisplayName": "Long dependency duration",
                    "Description": "Smart Detection rules notify you of performance anomaly issues.",
                    "HelpUrl": "https://docs.microsoft.com/en-us/azure/application-insights/app-insights-proactive-performance-diagnostics",
                    "IsHidden": false,
                    "IsEnabledByDefault": true,
                    "IsInPreview": false,
                    "SupportsEmailNotifications": true
                },
                "enabled": true,
                "sendEmailsToSubscriptionOwners": true,
                "customEmails": []
            }
        },
        {
            "type": "microsoft.insights/components/ProactiveDetectionConfigs",
            "apiVersion": "2018-05-01-preview",
            "name": "[concat(parameters('components_mymlops9641027977_name'), '/migrationToAlertRulesCompleted')]",
            "location": "eastus2",
            "dependsOn": [
                "[resourceId('microsoft.insights/components', parameters('components_mymlops9641027977_name'))]"
            ],
            "properties": {
                "ruleDefinitions": {
                    "Name": "migrationToAlertRulesCompleted",
                    "DisplayName": "Migration To Alert Rules Completed",
                    "Description": "A configuration that controls the migration state of Smart Detection to Smart Alerts",
                    "HelpUrl": "https://docs.microsoft.com/en-us/azure/application-insights/app-insights-proactive-performance-diagnostics",
                    "IsHidden": true,
                    "IsEnabledByDefault": false,
                    "IsInPreview": true,
                    "SupportsEmailNotifications": false
                },
                "enabled": false,
                "sendEmailsToSubscriptionOwners": true,
                "customEmails": []
            }
        },
        {
            "type": "microsoft.insights/components/ProactiveDetectionConfigs",
            "apiVersion": "2018-05-01-preview",
            "name": "[concat(parameters('components_mymlops9641027977_name'), '/slowpageloadtime')]",
            "location": "eastus2",
            "dependsOn": [
                "[resourceId('microsoft.insights/components', parameters('components_mymlops9641027977_name'))]"
            ],
            "properties": {
                "ruleDefinitions": {
                    "Name": "slowpageloadtime",
                    "DisplayName": "Slow page load time",
                    "Description": "Smart Detection rules notify you of performance anomaly issues.",
                    "HelpUrl": "https://docs.microsoft.com/en-us/azure/application-insights/app-insights-proactive-performance-diagnostics",
                    "IsHidden": false,
                    "IsEnabledByDefault": true,
                    "IsInPreview": false,
                    "SupportsEmailNotifications": true
                },
                "enabled": true,
                "sendEmailsToSubscriptionOwners": true,
                "customEmails": []
            }
        },
        {
            "type": "microsoft.insights/components/ProactiveDetectionConfigs",
            "apiVersion": "2018-05-01-preview",
            "name": "[concat(parameters('components_mymlops9641027977_name'), '/slowserverresponsetime')]",
            "location": "eastus2",
            "dependsOn": [
                "[resourceId('microsoft.insights/components', parameters('components_mymlops9641027977_name'))]"
            ],
            "properties": {
                "ruleDefinitions": {
                    "Name": "slowserverresponsetime",
                    "DisplayName": "Slow server response time",
                    "Description": "Smart Detection rules notify you of performance anomaly issues.",
                    "HelpUrl": "https://docs.microsoft.com/en-us/azure/application-insights/app-insights-proactive-performance-diagnostics",
                    "IsHidden": false,
                    "IsEnabledByDefault": true,
                    "IsInPreview": false,
                    "SupportsEmailNotifications": true
                },
                "enabled": true,
                "sendEmailsToSubscriptionOwners": true,
                "customEmails": []
            }
        },
        {
            "type": "Microsoft.KeyVault/vaults/secrets",
            "apiVersion": "2022-11-01",
            "name": "[concat(parameters('vaults_mymlops1986299585_name'), '/c0dc9854-43de-4cd2-a381-b8a94e85ffb0-hI-XSS00LJ-FGiGkmZCTjv-B2IWJd4FN467zC9IwHtY')]",
            "location": "eastus2",
            "dependsOn": [
                "[resourceId('Microsoft.KeyVault/vaults', parameters('vaults_mymlops1986299585_name'))]"
            ],
            "properties": {
                "contentType": "application/vnd.ms-StorageAccountAccessKey",
                "attributes": {
                    "enabled": true,
                    "exp": 1739771365
                }
            }
        },
        {
            "type": "Microsoft.KeyVault/vaults/secrets",
            "apiVersion": "2022-11-01",
            "name": "[concat(parameters('vaults_mymlops1986299585_name'), '/c0dc9854-43de-4cd2-a381-b8a94e85ffb0-IjOX-cDcO-uSriYmfrGpsWoQ80I9eFdxeESSF-EmGws')]",
            "location": "eastus2",
            "dependsOn": [
                "[resourceId('Microsoft.KeyVault/vaults', parameters('vaults_mymlops1986299585_name'))]"
            ],
            "properties": {
                "contentType": "application/vnd.ms-StorageAccountAccessKey",
                "attributes": {
                    "enabled": true,
                    "exp": 1739771365
                }
            }
        },
        {
            "type": "Microsoft.KeyVault/vaults/secrets",
            "apiVersion": "2022-11-01",
            "name": "[concat(parameters('vaults_mymlops1986299585_name'), '/c0dc9854-43de-4cd2-a381-b8a94e85ffb0-PnOuMZXQolRcDc5ctF5-GI-YaLyyXiu--JGC90IO8AQ')]",
            "location": "eastus2",
            "dependsOn": [
                "[resourceId('Microsoft.KeyVault/vaults', parameters('vaults_mymlops1986299585_name'))]"
            ],
            "properties": {
                "contentType": "application/vnd.ms-StorageAccountAccessKey",
                "attributes": {
                    "enabled": true,
                    "exp": 1739771365
                }
            }
        },
        {
            "type": "Microsoft.KeyVault/vaults/secrets",
            "apiVersion": "2022-11-01",
            "name": "[concat(parameters('vaults_mymlops1986299585_name'), '/c0dc9854-43de-4cd2-a381-b8a94e85ffb0-pUj7AP5Cos6Vs2FHZRKBQM4EItwU8TUicS0ajsblAa4')]",
            "location": "eastus2",
            "dependsOn": [
                "[resourceId('Microsoft.KeyVault/vaults', parameters('vaults_mymlops1986299585_name'))]"
            ],
            "properties": {
                "contentType": "application/vnd.ms-StorageAccountAccessKey",
                "attributes": {
                    "enabled": true,
                    "exp": 1739771365
                }
            }
        },
        {
            "type": "Microsoft.MachineLearningServices/workspaces/datastores",
            "apiVersion": "2022-12-01-preview",
            "name": "[concat(parameters('workspaces_mymlops_name'), '/workspaceartifactstore')]",
            "dependsOn": [
                "[resourceId('Microsoft.MachineLearningServices/workspaces', parameters('workspaces_mymlops_name'))]"
            ],
            "properties": {
                "credentials": {
                    "credentialsType": "AccountKey",
                    "secrets": {}
                },
                "datastoreType": "AzureBlob",
                "protocol": "https",
                "nameNodeAddress": "[parameters('datastores_workspaceartifactstore_nameNodeAddress')]"
            }
        },
        {
            "type": "Microsoft.MachineLearningServices/workspaces/datastores",
            "apiVersion": "2022-12-01-preview",
            "name": "[concat(parameters('workspaces_mymlops_name'), '/workspaceblobstore')]",
            "dependsOn": [
                "[resourceId('Microsoft.MachineLearningServices/workspaces', parameters('workspaces_mymlops_name'))]"
            ],
            "properties": {
                "credentials": {
                    "credentialsType": "AccountKey",
                    "secrets": {}
                },
                "datastoreType": "AzureBlob",
                "protocol": "https",
                "nameNodeAddress": "[parameters('datastores_workspaceblobstore_nameNodeAddress')]"
            }
        },
        {
            "type": "Microsoft.MachineLearningServices/workspaces/datastores",
            "apiVersion": "2022-12-01-preview",
            "name": "[concat(parameters('workspaces_mymlops_name'), '/workspacefilestore')]",
            "dependsOn": [
                "[resourceId('Microsoft.MachineLearningServices/workspaces', parameters('workspaces_mymlops_name'))]"
            ],
            "properties": {
                "credentials": {
                    "credentialsType": "AccountKey",
                    "secrets": {}
                },
                "datastoreType": "AzureFile",
                "protocol": "https",
                "nameNodeAddress": "[parameters('datastores_workspacefilestore_nameNodeAddress')]"
            }
        },
        {
            "type": "Microsoft.MachineLearningServices/workspaces/datastores",
            "apiVersion": "2022-12-01-preview",
            "name": "[concat(parameters('workspaces_mymlops_name'), '/workspaceworkingdirectory')]",
            "dependsOn": [
                "[resourceId('Microsoft.MachineLearningServices/workspaces', parameters('workspaces_mymlops_name'))]"
            ],
            "properties": {
                "credentials": {
                    "credentialsType": "AccountKey",
                    "secrets": {}
                },
                "datastoreType": "AzureFile",
                "protocol": "https",
                "nameNodeAddress": "[parameters('datastores_workspaceworkingdirectory_nameNodeAddress')]"
            }
        },
        {
            "type": "Microsoft.Storage/storageAccounts/blobServices",
            "apiVersion": "2022-09-01",
            "name": "[concat(parameters('storageAccounts_myadfst_name'), '/default')]",
            "dependsOn": [
                "[resourceId('Microsoft.Storage/storageAccounts', parameters('storageAccounts_myadfst_name'))]"
            ],
            "sku": {
                "name": "Standard_RAGRS",
                "tier": "Standard"
            },
            "properties": {
                "changeFeed": {
                    "enabled": false
                },
                "restorePolicy": {
                    "enabled": false
                },
                "containerDeleteRetentionPolicy": {
                    "enabled": true,
                    "days": 7
                },
                "cors": {
                    "corsRules": []
                },
                "deleteRetentionPolicy": {
                    "allowPermanentDelete": false,
                    "enabled": true,
                    "days": 7
                },
                "isVersioningEnabled": false
            }
        },
        {
            "type": "Microsoft.Storage/storageAccounts/blobServices",
            "apiVersion": "2022-09-01",
            "name": "[concat(parameters('storageAccounts_mymlops8718064171_name'), '/default')]",
            "dependsOn": [
                "[resourceId('Microsoft.Storage/storageAccounts', parameters('storageAccounts_mymlops8718064171_name'))]"
            ],
            "sku": {
                "name": "Standard_LRS",
                "tier": "Standard"
            },
            "properties": {
                "cors": {
                    "corsRules": [
                        {
                            "allowedOrigins": [
                                "https://mlworkspace.azure.ai",
                                "https://ml.azure.com",
                                "https://*.ml.azure.com"
                            ],
                            "allowedMethods": [
                                "GET",
                                "HEAD"
                            ],
                            "maxAgeInSeconds": 1800,
                            "exposedHeaders": [
                                "*"
                            ],
                            "allowedHeaders": [
                                "*"
                            ]
                        }
                    ]
                },
                "deleteRetentionPolicy": {
                    "allowPermanentDelete": false,
                    "enabled": false
                }
            }
        },
        {
            "type": "Microsoft.Storage/storageAccounts/fileServices",
            "apiVersion": "2022-09-01",
            "name": "[concat(parameters('storageAccounts_myadfst_name'), '/default')]",
            "dependsOn": [
                "[resourceId('Microsoft.Storage/storageAccounts', parameters('storageAccounts_myadfst_name'))]"
            ],
            "sku": {
                "name": "Standard_RAGRS",
                "tier": "Standard"
            },
            "properties": {
                "protocolSettings": {
                    "smb": {}
                },
                "cors": {
                    "corsRules": []
                },
                "shareDeleteRetentionPolicy": {
                    "enabled": true,
                    "days": 7
                }
            }
        },
        {
            "type": "Microsoft.Storage/storageAccounts/fileServices",
            "apiVersion": "2022-09-01",
            "name": "[concat(parameters('storageAccounts_mymlops8718064171_name'), '/default')]",
            "dependsOn": [
                "[resourceId('Microsoft.Storage/storageAccounts', parameters('storageAccounts_mymlops8718064171_name'))]"
            ],
            "sku": {
                "name": "Standard_LRS",
                "tier": "Standard"
            },
            "properties": {
                "protocolSettings": {
                    "smb": {}
                },
                "cors": {
                    "corsRules": []
                },
                "shareDeleteRetentionPolicy": {
                    "enabled": true,
                    "days": 7
                }
            }
        },
        {
            "type": "Microsoft.Storage/storageAccounts/queueServices",
            "apiVersion": "2022-09-01",
            "name": "[concat(parameters('storageAccounts_myadfst_name'), '/default')]",
            "dependsOn": [
                "[resourceId('Microsoft.Storage/storageAccounts', parameters('storageAccounts_myadfst_name'))]"
            ],
            "properties": {
                "cors": {
                    "corsRules": []
                }
            }
        },
        {
            "type": "Microsoft.Storage/storageAccounts/queueServices",
            "apiVersion": "2022-09-01",
            "name": "[concat(parameters('storageAccounts_mymlops8718064171_name'), '/default')]",
            "dependsOn": [
                "[resourceId('Microsoft.Storage/storageAccounts', parameters('storageAccounts_mymlops8718064171_name'))]"
            ],
            "properties": {
                "cors": {
                    "corsRules": []
                }
            }
        },
        {
            "type": "Microsoft.Storage/storageAccounts/tableServices",
            "apiVersion": "2022-09-01",
            "name": "[concat(parameters('storageAccounts_myadfst_name'), '/default')]",
            "dependsOn": [
                "[resourceId('Microsoft.Storage/storageAccounts', parameters('storageAccounts_myadfst_name'))]"
            ],
            "properties": {
                "cors": {
                    "corsRules": []
                }
            }
        },
        {
            "type": "Microsoft.Storage/storageAccounts/tableServices",
            "apiVersion": "2022-09-01",
            "name": "[concat(parameters('storageAccounts_mymlops8718064171_name'), '/default')]",
            "dependsOn": [
                "[resourceId('Microsoft.Storage/storageAccounts', parameters('storageAccounts_mymlops8718064171_name'))]"
            ],
            "properties": {
                "cors": {
                    "corsRules": []
                }
            }
        },
        {
            "type": "microsoft.alertsmanagement/smartdetectoralertrules",
            "apiVersion": "2021-04-01",
            "name": "[parameters('smartdetectoralertrules_failure_anomalies___mymlops9641027977_name')]",
            "location": "global",
            "dependsOn": [
                "[resourceId('microsoft.insights/components', parameters('components_mymlops9641027977_name'))]",
                "[resourceId('microsoft.insights/actionGroups', parameters('actionGroups_Application_Insights_Smart_Detection_name'))]"
            ],
            "properties": {
                "description": "Failure Anomalies notifies you of an unusual rise in the rate of failed HTTP requests or dependency calls.",
                "state": "Enabled",
                "severity": "Sev3",
                "frequency": "PT1M",
                "detector": {
                    "id": "FailureAnomaliesDetector"
                },
                "scope": [
                    "[resourceId('microsoft.insights/components', parameters('components_mymlops9641027977_name'))]"
                ],
                "actionGroups": {
                    "groupIds": [
                        "[resourceId('microsoft.insights/actionGroups', parameters('actionGroups_Application_Insights_Smart_Detection_name'))]"
                    ]
                }
            }
        },
        {
            "type": "Microsoft.Storage/storageAccounts/blobServices/containers",
            "apiVersion": "2022-09-01",
            "name": "[concat(parameters('storageAccounts_mymlops8718064171_name'), '/default/azureml')]",
            "dependsOn": [
                "[resourceId('Microsoft.Storage/storageAccounts/blobServices', parameters('storageAccounts_mymlops8718064171_name'), 'default')]",
                "[resourceId('Microsoft.Storage/storageAccounts', parameters('storageAccounts_mymlops8718064171_name'))]"
            ],
            "properties": {
                "immutableStorageWithVersioning": {
                    "enabled": false
                },
                "defaultEncryptionScope": "$account-encryption-key",
                "denyEncryptionScopeOverride": false,
                "publicAccess": "None"
            }
        },
        {
            "type": "Microsoft.Storage/storageAccounts/blobServices/containers",
            "apiVersion": "2022-09-01",
            "name": "[concat(parameters('storageAccounts_mymlops8718064171_name'), '/default/azureml-blobstore-c0dc9854-43de-4cd2-a381-b8a94e85ffb0')]",
            "dependsOn": [
                "[resourceId('Microsoft.Storage/storageAccounts/blobServices', parameters('storageAccounts_mymlops8718064171_name'), 'default')]",
                "[resourceId('Microsoft.Storage/storageAccounts', parameters('storageAccounts_mymlops8718064171_name'))]"
            ],
            "properties": {
                "immutableStorageWithVersioning": {
                    "enabled": false
                },
                "defaultEncryptionScope": "$account-encryption-key",
                "denyEncryptionScopeOverride": false,
                "publicAccess": "None"
            }
        },
        {
            "type": "Microsoft.Storage/storageAccounts/blobServices/containers",
            "apiVersion": "2022-09-01",
            "name": "[concat(parameters('storageAccounts_myadfst_name'), '/default/myadfcontainer')]",
            "dependsOn": [
                "[resourceId('Microsoft.Storage/storageAccounts/blobServices', parameters('storageAccounts_myadfst_name'), 'default')]",
                "[resourceId('Microsoft.Storage/storageAccounts', parameters('storageAccounts_myadfst_name'))]"
            ],
            "properties": {
                "immutableStorageWithVersioning": {
                    "enabled": false
                },
                "defaultEncryptionScope": "$account-encryption-key",
                "denyEncryptionScopeOverride": false,
                "publicAccess": "None"
            }
        },
        {
            "type": "Microsoft.Storage/storageAccounts/fileServices/shares",
            "apiVersion": "2022-09-01",
            "name": "[concat(parameters('storageAccounts_mymlops8718064171_name'), '/default/azureml-filestore-c0dc9854-43de-4cd2-a381-b8a94e85ffb0')]",
            "dependsOn": [
                "[resourceId('Microsoft.Storage/storageAccounts/fileServices', parameters('storageAccounts_mymlops8718064171_name'), 'default')]",
                "[resourceId('Microsoft.Storage/storageAccounts', parameters('storageAccounts_mymlops8718064171_name'))]"
            ],
            "properties": {
                "accessTier": "TransactionOptimized",
                "shareQuota": 5120,
                "enabledProtocols": "SMB"
            }
        },
        {
            "type": "Microsoft.Storage/storageAccounts/fileServices/shares",
            "apiVersion": "2022-09-01",
            "name": "[concat(parameters('storageAccounts_mymlops8718064171_name'), '/default/code-391ff5ac-6576-460f-ba4d-7e03433c68b6')]",
            "dependsOn": [
                "[resourceId('Microsoft.Storage/storageAccounts/fileServices', parameters('storageAccounts_mymlops8718064171_name'), 'default')]",
                "[resourceId('Microsoft.Storage/storageAccounts', parameters('storageAccounts_mymlops8718064171_name'))]"
            ],
            "properties": {
                "accessTier": "TransactionOptimized",
                "shareQuota": 5120,
                "enabledProtocols": "SMB"
            }
        },
        {
            "type": "Microsoft.MachineLearningServices/workspaces",
            "apiVersion": "2022-12-01-preview",
            "name": "[parameters('workspaces_mymlops_name')]",
            "location": "eastus2",
            "dependsOn": [
                "[resourceId('Microsoft.Storage/storageAccounts', parameters('storageAccounts_mymlops8718064171_name'))]",
                "[resourceId('Microsoft.KeyVault/vaults', parameters('vaults_mymlops1986299585_name'))]",
                "[resourceId('microsoft.insights/components', parameters('components_mymlops9641027977_name'))]"
            ],
            "sku": {
                "name": "Basic",
                "tier": "Basic"
            },
            "kind": "Default",
            "identity": {
                "type": "SystemAssigned"
            },
            "properties": {
                "friendlyName": "[parameters('workspaces_mymlops_name')]",
                "storageAccount": "[resourceId('Microsoft.Storage/storageAccounts', parameters('storageAccounts_mymlops8718064171_name'))]",
                "keyVault": "[resourceId('Microsoft.KeyVault/vaults', parameters('vaults_mymlops1986299585_name'))]",
                "applicationInsights": "[resourceId('microsoft.insights/components', parameters('components_mymlops9641027977_name'))]",
                "hbiWorkspace": false,
                "v1LegacyMode": false,
                "publicNetworkAccess": "Enabled",
                "discoveryUrl": "https://eastus2.api.azureml.ms/discovery"
            }
        }
    ]
}